CREATE TABLE regions (
 region_id INTEGER PRIMARY KEY AUTOINCREMENT NOT NULL,
 region_name text NOT NULL
);
 
CREATE TABLE countries (
 country_id text NOT NULL,
 country_name text NOT NULL,
 region_id INTEGER NOT NULL,
 PRIMARY KEY (country_id ASC),
 FOREIGN KEY (region_id) REFERENCES regions (region_id) ON DELETE CASCADE ON UPDATE CASCADE
);
 
CREATE TABLE locations (
 location_id INTEGER PRIMARY KEY AUTOINCREMENT NOT NULL,
 street_address text,
 postal_code text,
 city text NOT NULL,
 state_province text,
 country_id INTEGER NOT NULL,
 FOREIGN KEY (country_id) REFERENCES countries (country_id) ON DELETE CASCADE ON UPDATE CASCADE
);
 
CREATE TABLE departments (
 department_id INTEGER PRIMARY KEY AUTOINCREMENT NOT NULL,
 department_name text NOT NULL,
 location_id INTEGER NOT NULL,
 FOREIGN KEY (location_id) REFERENCES locations (location_id) ON DELETE CASCADE ON UPDATE CASCADE
);
 
CREATE TABLE jobs (
 job_id INTEGER PRIMARY KEY AUTOINCREMENT NOT NULL,
 job_title text NOT NULL,
 min_salary double NOT NULL,
 max_salary double NOT NULL
);
 
CREATE TABLE employees (
 employee_id INTEGER PRIMARY KEY AUTOINCREMENT NOT NULL,
 first_name text,
 last_name text NOT NULL,
 email text NOT NULL,
 phone_number text,
 hire_date text NOT NULL,
 job_id INTEGER NOT NULL,
 salary double NOT NULL,
 manager_id INTEGER,
 department_id INTEGER NOT NULL,
 FOREIGN KEY (job_id) REFERENCES jobs (job_id) ON DELETE CASCADE ON UPDATE CASCADE,
 FOREIGN KEY (department_id) REFERENCES departments (department_id) ON DELETE CASCADE ON UPDATE CASCADE,
 FOREIGN KEY (manager_id) REFERENCES employees (employee_id) ON DELETE CASCADE ON UPDATE CASCADE
);


INSERT INTO regions (region_id, region_name)
VALUES
 (1, 'Europe'),
 (2, 'Americas'),
 (3, 'Asia'),
 (4, 'Middle East and Africa');
 
-- Insert data into the countries table.
INSERT INTO countries (
 country_id,
 country_name,
 region_id
)
VALUES
 ('AR', 'Argentina', 2),
 ('AU', 'Australia', 3),
 ('BE', 'Belgium', 1),
 ('BR', 'Brazil', 2),
 ('CA', 'Canada', 2),
 ('CH', 'Switzerland', 1),
 ('CN', 'China', 3),
 ('DE', 'Germany', 1),
 ('DK', 'Denmark', 1),
 ('EG', 'Egypt', 4),
 ('FR', 'France', 1),
 ('HK', 'HongKong', 3),
 ('IL', 'Israel', 4),
 ('IN', 'India', 3),
 ('IT', 'Italy', 1),
 ('JP', 'Japan', 3),
 ('KW', 'Kuwait', 4),
 ('MX', 'Mexico', 2),
 ('NG', 'Nigeria', 4),
 ('NL', 'Netherlands', 1),
 ('SG', 'Singapore', 3),
 ('UK', 'United Kingdom', 1),
 (
 'US',
 'United States of America',
 2
 ),
 ('ZM', 'Zambia', 4),
 ('ZW', 'Zimbabwe', 4);
 
-- Insert data into the locations table.
INSERT INTO locations (
 location_id,
 street_address,
 postal_code,
 city,
 state_province,
 country_id
)
VALUES
 (
 1400,
 '2014 Jabberwocky Rd',
 '26192',
 'Southlake',
 'Texas',
 'US'
 ),
 (
 1500,
 '2011 Interiors Blvd',
 '99236',
 'South San Francisco',
 'California',
 'US'
 ),
 (
 1700,
 '2004 Charade Rd',
 '98199',
 'Seattle',
 'Washington',
 'US'
 ),
 (
 1800,
 '147 Spadina Ave',
 'M5V 2L7',
 'Toronto',
 'Ontario',
 'CA'
 ),
 (
 2400,
 '8204 Arthur St',
 NULL,
 'London',
 NULL,
 'UK'
 ),
 (
 2500,
 'Magdalen Centre, The Oxford Science Park',
 'OX9 9ZB',
 'Oxford',
 'Oxford',
 'UK'
 ),
 (
 2700,
 'Schwanthalerstr. 7031',
 '80925',
 'Munich',
 'Bavaria',
 'DE'
 );
-- Insert departments table. 
INSERT INTO departments (
 department_id,
 department_name,
 location_id
)
VALUES
 (1, 'Administration', 1700),
 (2, 'Marketing', 1800),
 (3, 'Purchasing', 1700),
 (4, 'Human Resources', 2400),
 (5, 'Shipping', 1500),
 (6, 'IT', 1400),
 (7, 'Public Relations', 2700),
 (8, 'Sales', 2500),
 (9, 'Executive', 1700),
 (10, 'Finance', 1700),
 (11, 'Accounting', 1700); 
-- Insert data into the jobs table.
INSERT INTO jobs (
 job_id,
 job_title,
 min_salary,
 max_salary
)
VALUES
 (
 1,
 'Public Accountant',
 '4200.00',
 '9000.00'
 ),
 (
 2,
 'Accounting Manager',
 '8200.00',
 '16000.00'
 ),
 (
 3,
 'Administration Assistant',
 '3000.00',
 '6000.00'
 ),
 (
 4,
 'President',
 '20000.00',
 '40000.00'
 ),
 (
 5,
 'Administration Vice President',
 '15000.00',
 '30000.00'
 ),
 (
 6,
 'Accountant',
 '4200.00',
 '9000.00'
 ),
 (
 7,
 'Finance Manager',
 '8200.00',
 '16000.00'
 ),
 (
 8,
 'Human Resources Representative',
 '4000.00',
 '9000.00'
 ),
 (
 9,
 'Programmer',
 '4000.00',
 '10000.00'
 ),
 (
 10,
 'Marketing Manager',
 '9000.00',
 '15000.00'
 ),
 (
 11,
 'Marketing Representative',
 '4000.00',
 '9000.00'
 ),
 (
 12,
 'Public Relations Representative',
 '4500.00',
 '10500.00'
 ),
 (
 13,
 'Purchasing Clerk',
 '2500.00',
 '5500.00'
 ),
 (
 14,
 'Purchasing Manager',
 '8000.00',
 '15000.00'
 ),
 (
 15,
 'Sales Manager',
 '10000.00',
 '20000.00'
 ),
 (
 16,
 'Sales Representative',
 '6000.00',
 '12000.00'
 ),
 (
 17,
 'Shipping Clerk',
 '2500.00',
 '5500.00'
 ),
 (
 18,
 'Stock Clerk',
 '2000.00',
 '5000.00'
 ),
 (
 19,
 'Stock Manager',
 '5500.00',
 '8500.00'
 );
 
-- Insert data into employees table
INSERT INTO employees (
 employee_id,
 first_name,
 last_name,
 email,
 phone_number,
 hire_date,
 job_id,
 salary,
 manager_id,
 department_id
)
VALUES
 (
 100,
 'Steven',
 'King',
 'steven.king@gmail.com',
 '515.123.4567',
 '1987-06-17',
 4,
 '24000.00',
 NULL,
 9
 ),
 (
 101,
 'Neena',
 'Kochhar',
 'neena.kochhar@gmail.com',
 '515.123.4568',
 '1989-09-21',
 5,
 '17000.00',
 100,
 9
 ),
 (
 102,
 'Lex',
 'De Haan',
 'lex.de haan@gmail.com',
 '515.123.4569',
 '1993-01-13',
 5,
 '17000.00',
 100,
 9
 ),
 (
 103,
 'Alexander',
 'Hunold',
 'alexander.hunold@gmail.com',
 '590.423.4567',
 '1990-01-03',
 9,
 '9000.00',
 102,
 6
 ),
 (
 104,
 'Bruce',
 'Ernst',
 'bruce.ernst@gmail.com',
 '590.423.4568',
 '1991-05-21',
 9,
 '6000.00',
 103,
 6
 ),
 (
 105,
 'David',
 'Austin',
 'david.austin@gmail.com',
 '590.423.4569',
 '1997-06-25',
 9,
 '4800.00',
 103,
 6
 ),
 (
 106,
 'Valli',
 'Pataballa',
 'valli.pataballa@gmail.com',
 '590.423.4560',
 '1998-02-05',
 9,
 '4800.00',
 103,
 6
 ),
 (
 107,
 'Diana',
 'Lorentz',
 'diana.lorentz@gmail.com',
 '590.423.5567',
 '1999-02-07',
 9,
 '4200.00',
 103,
 6
 ),
 (
 108,
 'Nancy',
 'Greenberg',
 'nancy.greenberg@gmail.com',
 '515.124.4569',
 '1994-08-17',
 7,
 '12000.00',
 101,
 10
 ),
 (
 109,
 'Daniel',
 'Faviet',
 'daniel.faviet@gmail.com',
 '515.124.4169',
 '1994-08-16',
 6,
 '9000.00',
 108,
 10
 ),
 (
 110,
 'John',
 'Chen',
 'john.chen@gmail.com',
 '515.124.4269',
 '1997-09-28',
 6,
 '8200.00',
 108,
 10
 ),
 (
 111,
 'Ismael',
 'Sciarra',
 'ismael.sciarra@gmail.com',
 '515.124.4369',
 '1997-09-30',
 6,
 '7700.00',
 108,
 10
 ),
 (
 112,
 'Jose Manuel',
 'Urman',
 'jose manuel.urman@gmail.com',
 '515.124.4469',
 '1998-03-07',
 6,
 '7800.00',
 108,
 10
 ),
 (
 113,
 'Luis',
 'Popp',
 'luis.popp@gmail.com',
 '515.124.4567',
 '1999-12-07',
 6,
 '6900.00',
 108,
 10
 ),
 (
 114,
 'Den',
 'Raphaely',
 'den.raphaely@gmail.com',
 '515.127.4561',
 '1994-12-07',
 14,
 '11000.00',
 100,
 3
 ),
 (
 115,
 'Alexander',
 'Khoo',
 'alexander.khoo@gmail.com',
 '515.127.4562',
 '1995-05-18',
 13,
 '3100.00',
 114,
 3
 ),
 (
 116,
 'Shelli',
 'Baida',
 'shelli.baida@gmail.com',
 '515.127.4563',
 '1997-12-24',
 13,
 '2900.00',
 114,
 3
 ),
 (
 117,
 'Sigal',
 'Tobias',
 'sigal.tobias@gmail.com',
 '515.127.4564',
 '1997-07-24',
 13,
 '2800.00',
 114,
 3
 ),
 (
 118,
 'Guy',
 'Himuro',
 'guy.himuro@gmail.com',
 '515.127.4565',
 '1998-11-15',
 13,
 '2600.00',
 114,
 3
 ),
 (
 119,
 'Karen',
 'Colmenares',
 'karen.colmenares@gmail.com',
 '515.127.4566',
 '1999-08-10',
 13,
 '2500.00',
 114,
 3
 ),
 (
 120,
 'Matthew',
 'Weiss',
 'matthew.weiss@gmail.com',
 '650.123.1234',
 '1996-07-18',
 19,
 '8000.00',
 100,
 5
 ),
 (
 121,
 'Adam',
 'Fripp',
 'adam.fripp@gmail.com',
 '650.123.2234',
 '1997-04-10',
 19,
 '8200.00',
 100,
 5
 ),
 (
 122,
 'Payam',
 'Kaufling',
 'payam.kaufling@gmail.com',
 '650.123.3234',
 '1995-05-01',
 19,
 '7900.00',
 100,
 5
 ),
 (
 123,
 'Shanta',
 'Vollman',
 'shanta.vollman@gmail.com',
 '650.123.4234',
 '1997-10-10',
 19,
 '6500.00',
 100,
 5
 ),
 (
 126,
 'Irene',
 'Mikkilineni',
 'irene.mikkilineni@gmail.com',
 '650.124.1224',
 '1998-09-28',
 18,
 '2700.00',
 120,
 5
 ),
 (
 145,
 'John',
 'Russell',
 'john.russell@gmail.com',
 NULL,
 '1996-10-01',
 15,
 '14000.00',
 100,
 8
 ),
 (
 146,
 'Karen',
 'Partners',
 'karen.partners@gmail.com',
 NULL,
 '1997-01-05',
 15,
 '13500.00',
 100,
 8
 ),
 (
 176,
 'Jonathon',
 'Taylor',
 'jonathon.taylor@gmail.com',
 NULL,
 '1998-03-24',
 16,
 '8600.00',
 100,
 8
 ),
 (
 177,
 'Jack',
 'Livingston',
 'jack.livingston@gmail.com',
 NULL,
 '1998-04-23',
 16,
 '8400.00',
 100,
 8
 ),
 (
 178,
 'Kimberely',
 'Grant',
 'kimberely.grant@gmail.com',
 NULL,
 '1999-05-24',
 16,
 '7000.00',
 100,
 8
 ),
 (
 179,
 'Charles',
 'Johnson',
 'charles.johnson@gmail.com',
 NULL,
 '2000-01-04',
 16,
 '6200.00',
 100,
 8
 ),
 (
 192,
 'Sarah',
 'Bell',
 'sarah.bell@gmail.com',
 '650.501.1876',
 '1996-02-04',
 17,
 '4000.00',
 123,
 5
 ),
 (
 193,
 'Britney',
 'Everett',
 'britney.everett@gmail.com',
 '650.501.2876',
 '1997-03-03',
 17,
 '3900.00',
 123,
 5
 ),
 (
 200,
 'Jennifer',
 'Whalen',
 'jennifer.whalen@gmail.com',
 '515.123.4444',
 '1987-09-17',
 3,
 '4400.00',
 101,
 1
 ),
 (
 201,
 'Michael',
 'Hartstein',
 'michael.hartstein@gmail.com',
 '515.123.5555',
 '1996-02-17',
 10,
 '13000.00',
 100,
 2
 ),
 (
 202,
 'Pat',
 'Fay',
 'pat.fay@gmail.com',
 '603.123.6666',
 '1997-08-17',
 11,
 '6000.00',
 201,
 2
 ),
 (
 203,
 'Susan',
 'Mavris',
 'susan.mavris@gmail.com',
 '515.123.7777',
 '1994-06-07',
 8,
 '6500.00',
 101,
 4
 ),
 (
 204,
 'Hermann',
 'Baer',
 'hermann.baer@gmail.com',
 '515.123.8888',
 '1994-06-07',
 12,
 '10000.00',
 101,
 7
 ),
 (
 205,
 'Shelley',
 'Higgins',
 'shelley.higgins@gmail.com',
 '515.123.8080',
 '1994-06-07',
 2,
 '12000.00',
 101,
 11
 ),
 (
 206,
 'William',
 'Gietz',
 'william.gietz@gmail.com',
 '515.123.8181',
 '1994-06-07',
 1,
 '8300.00',
 205,
 11
 );
 select country_name from
 (select country_id from countries except select country_id from departments natural join locations) natural join countries
 
 select *
 from employees E1, employees E2 
 where E1.manager_id = E2.employee_id and E2.salary-E1.salary > 10000;
 
 select * 
 from employees where salary > 6000
 
 select * from employees natural join jobs where salary = min_salary or salary = max_salary
 
 select employee_id from departments natural join employees natural join locations natural join jobs natural join countries natural join regions
 where region_name = 'Europe' and job_title= 'Human Resources Representative'
 
 select E1.employee_id, E2.employee_id, E1.hire_date, E2.hire_date from employees E1, employees E2 where E1.manager_id = E2.employee_id and E1.hire_date < E2.hire_date;
 
 select * from jobs where min_salary >4000 and max_salary < 15000;
 
 select E1.employee_id, E2.employee_id, E1.department_id, E2.department_id from employees E1, employees E2 where E1.manager_id = E2.employee_id and E1.department_id = E2.department_id;
 
 select * from (select * from departments natural join employees natural join locations) A,  (select * from departments natural join employees natural join locations) B 
 where A.manager_id = B.employee_id and A.country_id <> B.country_id